total_atoms,batch_size,supercell_size,mode,method,backend,component,derivative_contract,workload,compute_forces,compute_virial,neighbor_format,dtype,config_path,config_sha256,accuracy,real_space_cutoff,cache_mode,compile_policy,backend_framework,median_time_ms,peak_memory_mb,compile_ms,warp_compile_ms,framework_compile_ms,framework,success,error,error_type
2,1,1,single,dsf,torch,full,energy_autograd,autograd_reference,True,True,list,float32,benchmarks/interactions/electrostatics/benchmark_config_extended.yaml,ed69e339faff8aad6594297ecd90c7d6ca4378ad213748bedf726d8f14bfcd32,0.0001,9.0,precomputed,eager,torch,0.24791999906301498,0.01416015625,302.3446314036846,,,none,True,,
2,1,1,single,dsf,torch,full,energy_autograd,autograd_reference,True,True,matrix,float32,benchmarks/interactions/electrostatics/benchmark_config_extended.yaml,ed69e339faff8aad6594297ecd90c7d6ca4378ad213748bedf726d8f14bfcd32,0.0001,9.0,precomputed,eager,torch,0.24268800020217896,0.02001953125,27.753179892897606,,,none,True,,
54,1,3,single,dsf,torch,full,energy_autograd,autograd_reference,True,True,list,float32,benchmarks/interactions/electrostatics/benchmark_config_extended.yaml,ed69e339faff8aad6594297ecd90c7d6ca4378ad213748bedf726d8f14bfcd32,0.0001,9.0,precomputed,eager,torch,0.2467840015888214,0.1943359375,1.403103582561016,,,none,True,,
54,1,3,single,dsf,torch,full,energy_autograd,autograd_reference,True,True,matrix,float32,benchmarks/interactions/electrostatics/benchmark_config_extended.yaml,ed69e339faff8aad6594297ecd90c7d6ca4378ad213748bedf726d8f14bfcd32,0.0001,9.0,precomputed,eager,torch,0.2706240117549896,0.35205078125,1.5749810263514519,,,none,True,,
250,1,5,single,dsf,torch,full,energy_autograd,autograd_reference,True,True,list,float32,benchmarks/interactions/electrostatics/benchmark_config_extended.yaml,ed69e339faff8aad6594297ecd90c7d6ca4378ad213748bedf726d8f14bfcd32,0.0001,9.0,precomputed,eager,torch,0.27191999554634094,0.87646484375,1.5133265405893326,,,none,True,,
250,1,5,single,dsf,torch,full,energy_autograd,autograd_reference,True,True,matrix,float32,benchmarks/interactions/electrostatics/benchmark_config_extended.yaml,ed69e339faff8aad6594297ecd90c7d6ca4378ad213748bedf726d8f14bfcd32,0.0001,9.0,precomputed,eager,torch,0.3195359855890274,1.60498046875,1.7305482178926468,,,none,True,,
686,1,7,single,dsf,torch,full,energy_autograd,autograd_reference,True,True,list,float32,benchmarks/interactions/electrostatics/benchmark_config_extended.yaml,ed69e339faff8aad6594297ecd90c7d6ca4378ad213748bedf726d8f14bfcd32,0.0001,9.0,precomputed,eager,torch,0.27539199590682983,2.39892578125,1.5471838414669037,,,none,True,,
686,1,7,single,dsf,torch,full,energy_autograd,autograd_reference,True,True,matrix,float32,benchmarks/interactions/electrostatics/benchmark_config_extended.yaml,ed69e339faff8aad6594297ecd90c7d6ca4378ad213748bedf726d8f14bfcd32,0.0001,9.0,precomputed,eager,torch,0.32731200754642487,4.39794921875,1.7840173095464706,,,none,True,,
2000,1,10,single,dsf,torch,full,energy_autograd,autograd_reference,True,True,list,float32,benchmarks/interactions/electrostatics/benchmark_config_extended.yaml,ed69e339faff8aad6594297ecd90c7d6ca4378ad213748bedf726d8f14bfcd32,0.0001,9.0,precomputed,eager,torch,0.2964639961719513,6.97802734375,1.6715191304683685,,,none,True,,
2000,1,10,single,dsf,torch,full,energy_autograd,autograd_reference,True,True,matrix,float32,benchmarks/interactions/electrostatics/benchmark_config_extended.yaml,ed69e339faff8aad6594297ecd90c7d6ca4378ad213748bedf726d8f14bfcd32,0.0001,9.0,precomputed,eager,torch,0.34593600034713745,12.806640625,1.8659485504031181,,,none,True,,
6750,1,15,single,dsf,torch,full,energy_autograd,autograd_reference,True,True,list,float32,benchmarks/interactions/electrostatics/benchmark_config_extended.yaml,ed69e339faff8aad6594297ecd90c7d6ca4378ad213748bedf726d8f14bfcd32,0.0001,9.0,precomputed,eager,torch,0.37329600751399994,23.541015625,2.2835368290543556,,,none,True,,
6750,1,15,single,dsf,torch,full,energy_autograd,autograd_reference,True,True,matrix,float32,benchmarks/interactions/electrostatics/benchmark_config_extended.yaml,ed69e339faff8aad6594297ecd90c7d6ca4378ad213748bedf726d8f14bfcd32,0.0001,9.0,precomputed,eager,torch,0.4228160083293915,43.21337890625,2.2499123588204384,,,none,True,,
16000,1,20,single,dsf,torch,full,energy_autograd,autograd_reference,True,True,list,float32,benchmarks/interactions/electrostatics/benchmark_config_extended.yaml,ed69e339faff8aad6594297ecd90c7d6ca4378ad213748bedf726d8f14bfcd32,0.0001,9.0,precomputed,eager,torch,0.5496639907360077,55.79052734375,2.9826639220118523,,,none,True,,
16000,1,20,single,dsf,torch,full,energy_autograd,autograd_reference,True,True,matrix,float32,benchmarks/interactions/electrostatics/benchmark_config_extended.yaml,ed69e339faff8aad6594297ecd90c7d6ca4378ad213748bedf726d8f14bfcd32,0.0001,9.0,precomputed,eager,torch,0.5725280046463013,102.4208984375,3.017299808561802,,,none,True,,
31250,1,25,single,dsf,torch,full,energy_autograd,autograd_reference,True,True,list,float32,benchmarks/interactions/electrostatics/benchmark_config_extended.yaml,ed69e339faff8aad6594297ecd90c7d6ca4378ad213748bedf726d8f14bfcd32,0.0001,9.0,precomputed,eager,torch,0.7755039930343628,108.96337890625,4.137828946113586,,,none,True,,
31250,1,25,single,dsf,torch,full,energy_autograd,autograd_reference,True,True,matrix,float32,benchmarks/interactions/electrostatics/benchmark_config_extended.yaml,ed69e339faff8aad6594297ecd90c7d6ca4378ad213748bedf726d8f14bfcd32,0.0001,9.0,precomputed,eager,torch,0.7931840121746063,200.03955078125,4.105422645807266,,,none,True,,
54000,1,30,single,dsf,torch,full,energy_autograd,autograd_reference,True,True,list,float32,benchmarks/interactions/electrostatics/benchmark_config_extended.yaml,ed69e339faff8aad6594297ecd90c7d6ca4378ad213748bedf726d8f14bfcd32,0.0001,9.0,precomputed,eager,torch,1.10561603307724,188.283203125,5.8062030002474785,,,none,True,,
54000,1,30,single,dsf,torch,full,energy_autograd,autograd_reference,True,True,matrix,float32,benchmarks/interactions/electrostatics/benchmark_config_extended.yaml,ed69e339faff8aad6594297ecd90c7d6ca4378ad213748bedf726d8f14bfcd32,0.0001,9.0,precomputed,eager,torch,1.1231040358543396,345.662109375,5.899627692997456,,,none,True,,
85750,1,35,single,dsf,torch,full,energy_autograd,autograd_reference,True,True,list,float32,benchmarks/interactions/electrostatics/benchmark_config_extended.yaml,ed69e339faff8aad6594297ecd90c7d6ca4378ad213748bedf726d8f14bfcd32,0.0001,9.0,precomputed,eager,torch,1.6929280161857605,298.9833984375,8.639411069452763,,,none,True,,
85750,1,35,single,dsf,torch,full,energy_autograd,autograd_reference,True,True,matrix,float32,benchmarks/interactions/electrostatics/benchmark_config_extended.yaml,ed69e339faff8aad6594297ecd90c7d6ca4378ad213748bedf726d8f14bfcd32,0.0001,9.0,precomputed,eager,torch,1.7723519802093506,548.89599609375,8.999067358672619,,,none,True,,
128000,1,40,single,dsf,torch,full,energy_autograd,autograd_reference,True,True,list,float32,benchmarks/interactions/electrostatics/benchmark_config_extended.yaml,ed69e339faff8aad6594297ecd90c7d6ca4378ad213748bedf726d8f14bfcd32,0.0001,9.0,precomputed,eager,torch,2.252671957015991,446.29345703125,11.585579253733158,,,none,True,,
128000,1,40,single,dsf,torch,full,energy_autograd,autograd_reference,True,True,matrix,float32,benchmarks/interactions/electrostatics/benchmark_config_extended.yaml,ed69e339faff8aad6594297ecd90c7d6ca4378ad213748bedf726d8f14bfcd32,0.0001,9.0,precomputed,eager,torch,2.3669440746307373,819.33984375,11.939597316086292,,,none,True,,
194672,1,46,single,dsf,torch,full,energy_autograd,autograd_reference,True,True,list,float32,benchmarks/interactions/electrostatics/benchmark_config_extended.yaml,ed69e339faff8aad6594297ecd90c7d6ca4378ad213748bedf726d8f14bfcd32,0.0001,9.0,precomputed,eager,torch,3.276655912399292,678.7548828125,16.782362945377827,,,none,True,,
194672,1,46,single,dsf,torch,full,energy_autograd,autograd_reference,True,True,matrix,float32,benchmarks/interactions/electrostatics/benchmark_config_extended.yaml,ed69e339faff8aad6594297ecd90c7d6ca4378ad213748bedf726d8f14bfcd32,0.0001,9.0,precomputed,eager,torch,3.4355039596557617,1246.1123046875,17.27452501654625,,,none,True,,
16,1,2,batched,dsf,torch,full,energy_autograd,autograd_reference,True,True,list,float32,benchmarks/interactions/electrostatics/benchmark_config_extended.yaml,ed69e339faff8aad6594297ecd90c7d6ca4378ad213748bedf726d8f14bfcd32,0.0001,9.0,precomputed,eager,torch,0.24505600333213806,0.0625,1.715347170829773,,,none,True,,
16,1,2,batched,dsf,torch,full,energy_autograd,autograd_reference,True,True,matrix,float32,benchmarks/interactions/electrostatics/benchmark_config_extended.yaml,ed69e339faff8aad6594297ecd90c7d6ca4378ad213748bedf726d8f14bfcd32,0.0001,9.0,precomputed,eager,torch,0.24979200214147568,0.10888671875,1.5916815027594566,,,none,True,,
64,4,2,batched,dsf,torch,full,energy_autograd,autograd_reference,True,True,list,float32,benchmarks/interactions/electrostatics/benchmark_config_extended.yaml,ed69e339faff8aad6594297ecd90c7d6ca4378ad213748bedf726d8f14bfcd32,0.0001,9.0,precomputed,eager,torch,0.2473279982805252,0.22900390625,1.4834515750408173,,,none,True,,
64,4,2,batched,dsf,torch,full,energy_autograd,autograd_reference,True,True,matrix,float32,benchmarks/interactions/electrostatics/benchmark_config_extended.yaml,ed69e339faff8aad6594297ecd90c7d6ca4378ad213748bedf726d8f14bfcd32,0.0001,9.0,precomputed,eager,torch,0.26574400067329407,0.41552734375,1.5820646658539772,,,none,True,,
128,8,2,batched,dsf,torch,full,energy_autograd,autograd_reference,True,True,list,float32,benchmarks/interactions/electrostatics/benchmark_config_extended.yaml,ed69e339faff8aad6594297ecd90c7d6ca4378ad213748bedf726d8f14bfcd32,0.0001,9.0,precomputed,eager,torch,0.2470400035381317,0.451171875,1.3857092708349228,,,none,True,,
128,8,2,batched,dsf,torch,full,energy_autograd,autograd_reference,True,True,matrix,float32,benchmarks/interactions/electrostatics/benchmark_config_extended.yaml,ed69e339faff8aad6594297ecd90c7d6ca4378ad213748bedf726d8f14bfcd32,0.0001,9.0,precomputed,eager,torch,0.2736480087041855,0.82373046875,1.5166550874710083,,,none,True,,
256,16,2,batched,dsf,torch,full,energy_autograd,autograd_reference,True,True,list,float32,benchmarks/interactions/electrostatics/benchmark_config_extended.yaml,ed69e339faff8aad6594297ecd90c7d6ca4378ad213748bedf726d8f14bfcd32,0.0001,9.0,precomputed,eager,torch,0.26555199921131134,0.89990234375,1.497316174209118,,,none,True,,
256,16,2,batched,dsf,torch,full,energy_autograd,autograd_reference,True,True,matrix,float32,benchmarks/interactions/electrostatics/benchmark_config_extended.yaml,ed69e339faff8aad6594297ecd90c7d6ca4378ad213748bedf726d8f14bfcd32,0.0001,9.0,precomputed,eager,torch,0.3139519989490509,1.6455078125,1.7059165984392166,,,none,True,,
512,32,2,batched,dsf,torch,full,energy_autograd,autograd_reference,True,True,list,float32,benchmarks/interactions/electrostatics/benchmark_config_extended.yaml,ed69e339faff8aad6594297ecd90c7d6ca4378ad213748bedf726d8f14bfcd32,0.0001,9.0,precomputed,eager,torch,0.26763199269771576,1.79541015625,1.47975143045187,,,none,True,,
512,32,2,batched,dsf,torch,full,energy_autograd,autograd_reference,True,True,matrix,float32,benchmarks/interactions/electrostatics/benchmark_config_extended.yaml,ed69e339faff8aad6594297ecd90c7d6ca4378ad213748bedf726d8f14bfcd32,0.0001,9.0,precomputed,eager,torch,0.31801600754261017,3.287109375,1.7252638936042786,,,none,True,,
1024,64,2,batched,dsf,torch,full,energy_autograd,autograd_reference,True,True,list,float32,benchmarks/interactions/electrostatics/benchmark_config_extended.yaml,ed69e339faff8aad6594297ecd90c7d6ca4378ad213748bedf726d8f14bfcd32,0.0001,9.0,precomputed,eager,torch,0.2712800055742264,3.58642578125,1.51043850928545,,,none,True,,
1024,64,2,batched,dsf,torch,full,energy_autograd,autograd_reference,True,True,matrix,float32,benchmarks/interactions/electrostatics/benchmark_config_extended.yaml,ed69e339faff8aad6594297ecd90c7d6ca4378ad213748bedf726d8f14bfcd32,0.0001,9.0,precomputed,eager,torch,0.31513600051403046,6.5703125,1.8295571208000183,,,none,True,,
2048,128,2,batched,dsf,torch,full,energy_autograd,autograd_reference,True,True,list,float32,benchmarks/interactions/electrostatics/benchmark_config_extended.yaml,ed69e339faff8aad6594297ecd90c7d6ca4378ad213748bedf726d8f14bfcd32,0.0001,9.0,precomputed,eager,torch,0.2696160078048706,7.169921875,1.5505924820899963,,,none,True,,
2048,128,2,batched,dsf,torch,full,energy_autograd,autograd_reference,True,True,matrix,float32,benchmarks/interactions/electrostatics/benchmark_config_extended.yaml,ed69e339faff8aad6594297ecd90c7d6ca4378ad213748bedf726d8f14bfcd32,0.0001,9.0,precomputed,eager,torch,0.3171200007200241,13.13818359375,1.7159217968583107,,,none,True,,
4096,256,2,batched,dsf,torch,full,energy_autograd,autograd_reference,True,True,list,float32,benchmarks/interactions/electrostatics/benchmark_config_extended.yaml,ed69e339faff8aad6594297ecd90c7d6ca4378ad213748bedf726d8f14bfcd32,0.0001,9.0,precomputed,eager,torch,0.27216000854969025,14.33935546875,1.552094705402851,,,none,True,,
4096,256,2,batched,dsf,torch,full,energy_autograd,autograd_reference,True,True,matrix,float32,benchmarks/interactions/electrostatics/benchmark_config_extended.yaml,ed69e339faff8aad6594297ecd90c7d6ca4378ad213748bedf726d8f14bfcd32,0.0001,9.0,precomputed,eager,torch,0.31699199974536896,26.2763671875,1.7306571826338768,,,none,True,,
8192,512,2,batched,dsf,torch,full,energy_autograd,autograd_reference,True,True,list,float32,benchmarks/interactions/electrostatics/benchmark_config_extended.yaml,ed69e339faff8aad6594297ecd90c7d6ca4378ad213748bedf726d8f14bfcd32,0.0001,9.0,precomputed,eager,torch,0.27486400306224823,28.677734375,1.6416236758232117,,,none,True,,
8192,512,2,batched,dsf,torch,full,energy_autograd,autograd_reference,True,True,matrix,float32,benchmarks/interactions/electrostatics/benchmark_config_extended.yaml,ed69e339faff8aad6594297ecd90c7d6ca4378ad213748bedf726d8f14bfcd32,0.0001,9.0,precomputed,eager,torch,0.3330720067024231,52.55224609375,1.8140561878681183,,,none,True,,
16384,1024,2,batched,dsf,torch,full,energy_autograd,autograd_reference,True,True,list,float32,benchmarks/interactions/electrostatics/benchmark_config_extended.yaml,ed69e339faff8aad6594297ecd90c7d6ca4378ad213748bedf726d8f14bfcd32,0.0001,9.0,precomputed,eager,torch,0.3256960064172745,57.35498046875,1.9678622484207153,,,none,True,,
16384,1024,2,batched,dsf,torch,full,energy_autograd,autograd_reference,True,True,matrix,float32,benchmarks/interactions/electrostatics/benchmark_config_extended.yaml,ed69e339faff8aad6594297ecd90c7d6ca4378ad213748bedf726d8f14bfcd32,0.0001,9.0,precomputed,eager,torch,0.3439679890871048,105.1044921875,1.89230777323246,,,none,True,,
65536,4096,2,batched,dsf,torch,full,energy_autograd,autograd_reference,True,True,list,float32,benchmarks/interactions/electrostatics/benchmark_config_extended.yaml,ed69e339faff8aad6594297ecd90c7d6ca4378ad213748bedf726d8f14bfcd32,0.0001,9.0,precomputed,eager,torch,0.3789920061826706,229.41845703125,2.3176996037364006,,,none,True,,
65536,4096,2,batched,dsf,torch,full,energy_autograd,autograd_reference,True,True,matrix,float32,benchmarks/interactions/electrostatics/benchmark_config_extended.yaml,ed69e339faff8aad6594297ecd90c7d6ca4378ad213748bedf726d8f14bfcd32,0.0001,9.0,precomputed,eager,torch,0.45160000026226044,420.41796875,2.532942220568657,,,none,True,,
131072,8192,2,batched,dsf,torch,full,energy_autograd,autograd_reference,True,True,list,float32,benchmarks/interactions/electrostatics/benchmark_config_extended.yaml,ed69e339faff8aad6594297ecd90c7d6ca4378ad213748bedf726d8f14bfcd32,0.0001,9.0,precomputed,eager,torch,0.6344799995422363,458.83642578125,3.50135937333107,,,none,True,,
131072,8192,2,batched,dsf,torch,full,energy_autograd,autograd_reference,True,True,matrix,float32,benchmarks/interactions/electrostatics/benchmark_config_extended.yaml,ed69e339faff8aad6594297ecd90c7d6ca4378ad213748bedf726d8f14bfcd32,0.0001,9.0,precomputed,eager,torch,0.7777920067310333,840.8359375,4.09878883510828,,,none,True,,
54,1,3,batched,dsf,torch,full,energy_autograd,autograd_reference,True,True,list,float32,benchmarks/interactions/electrostatics/benchmark_config_extended.yaml,ed69e339faff8aad6594297ecd90c7d6ca4378ad213748bedf726d8f14bfcd32,0.0001,9.0,precomputed,eager,torch,0.24507200717926025,0.19482421875,1.4831870794296265,,,none,True,,
54,1,3,batched,dsf,torch,full,energy_autograd,autograd_reference,True,True,matrix,float32,benchmarks/interactions/electrostatics/benchmark_config_extended.yaml,ed69e339faff8aad6594297ecd90c7d6ca4378ad213748bedf726d8f14bfcd32,0.0001,9.0,precomputed,eager,torch,0.26894399523735046,0.3525390625,1.5873908996582031,,,none,True,,
216,4,3,batched,dsf,torch,full,energy_autograd,autograd_reference,True,True,list,float32,benchmarks/interactions/electrostatics/benchmark_config_extended.yaml,ed69e339faff8aad6594297ecd90c7d6ca4378ad213748bedf726d8f14bfcd32,0.0001,9.0,precomputed,eager,torch,0.2618880122900009,0.7607421875,1.4727693051099777,,,none,True,,
216,4,3,batched,dsf,torch,full,energy_autograd,autograd_reference,True,True,matrix,float32,benchmarks/interactions/electrostatics/benchmark_config_extended.yaml,ed69e339faff8aad6594297ecd90c7d6ca4378ad213748bedf726d8f14bfcd32,0.0001,9.0,precomputed,eager,torch,0.3016960024833679,1.3896484375,1.6377484425902367,,,none,True,,
432,8,3,batched,dsf,torch,full,energy_autograd,autograd_reference,True,True,list,float32,benchmarks/interactions/electrostatics/benchmark_config_extended.yaml,ed69e339faff8aad6594297ecd90c7d6ca4378ad213748bedf726d8f14bfcd32,0.0001,9.0,precomputed,eager,torch,0.2719839960336685,1.5146484375,1.521415077149868,,,none,True,,
432,8,3,batched,dsf,torch,full,energy_autograd,autograd_reference,True,True,matrix,float32,benchmarks/interactions/electrostatics/benchmark_config_extended.yaml,ed69e339faff8aad6594297ecd90c7d6ca4378ad213748bedf726d8f14bfcd32,0.0001,9.0,precomputed,eager,torch,0.3147199898958206,2.7734375,1.811070367693901,,,none,True,,
864,16,3,batched,dsf,torch,full,energy_autograd,autograd_reference,True,True,list,float32,benchmarks/interactions/electrostatics/benchmark_config_extended.yaml,ed69e339faff8aad6594297ecd90c7d6ca4378ad213748bedf726d8f14bfcd32,0.0001,9.0,precomputed,eager,torch,0.27475200593471527,3.0234375,1.5267925336956978,,,none,True,,
864,16,3,batched,dsf,torch,full,energy_autograd,autograd_reference,True,True,matrix,float32,benchmarks/interactions/electrostatics/benchmark_config_extended.yaml,ed69e339faff8aad6594297ecd90c7d6ca4378ad213748bedf726d8f14bfcd32,0.0001,9.0,precomputed,eager,torch,0.31859199702739716,5.54150390625,1.8283305689692497,,,none,True,,
1728,32,3,batched,dsf,torch,full,energy_autograd,autograd_reference,True,True,list,float32,benchmarks/interactions/electrostatics/benchmark_config_extended.yaml,ed69e339faff8aad6594297ecd90c7d6ca4378ad213748bedf726d8f14bfcd32,0.0001,9.0,precomputed,eager,torch,0.27240000665187836,6.041015625,1.5196455642580986,,,none,True,,
1728,32,3,batched,dsf,torch,full,energy_autograd,autograd_reference,True,True,matrix,float32,benchmarks/interactions/electrostatics/benchmark_config_extended.yaml,ed69e339faff8aad6594297ecd90c7d6ca4378ad213748bedf726d8f14bfcd32,0.0001,9.0,precomputed,eager,torch,0.32367999851703644,11.0771484375,1.7481446266174316,,,none,True,,
3456,64,3,batched,dsf,torch,full,energy_autograd,autograd_reference,True,True,list,float32,benchmarks/interactions/electrostatics/benchmark_config_extended.yaml,ed69e339faff8aad6594297ecd90c7d6ca4378ad213748bedf726d8f14bfcd32,0.0001,9.0,precomputed,eager,torch,0.2742079943418503,12.0751953125,1.5495885163545609,,,none,True,,
3456,64,3,batched,dsf,torch,full,energy_autograd,autograd_reference,True,True,matrix,float32,benchmarks/interactions/electrostatics/benchmark_config_extended.yaml,ed69e339faff8aad6594297ecd90c7d6ca4378ad213748bedf726d8f14bfcd32,0.0001,9.0,precomputed,eager,torch,0.32180799543857574,22.14697265625,1.8429886549711227,,,none,True,,
6912,128,3,batched,dsf,torch,full,energy_autograd,autograd_reference,True,True,list,float32,benchmarks/interactions/electrostatics/benchmark_config_extended.yaml,ed69e339faff8aad6594297ecd90c7d6ca4378ad213748bedf726d8f14bfcd32,0.0001,9.0,precomputed,eager,torch,0.27614399790763855,24.1474609375,1.5842309221625328,,,none,True,,
6912,128,3,batched,dsf,torch,full,energy_autograd,autograd_reference,True,True,matrix,float32,benchmarks/interactions/electrostatics/benchmark_config_extended.yaml,ed69e339faff8aad6594297ecd90c7d6ca4378ad213748bedf726d8f14bfcd32,0.0001,9.0,precomputed,eager,torch,0.32872000336647034,44.29150390625,1.881428062915802,,,none,True,,
13824,256,3,batched,dsf,torch,full,energy_autograd,autograd_reference,True,True,list,float32,benchmarks/interactions/electrostatics/benchmark_config_extended.yaml,ed69e339faff8aad6594297ecd90c7d6ca4378ad213748bedf726d8f14bfcd32,0.0001,9.0,precomputed,eager,torch,0.32070399820804596,48.29443359375,1.8307110294699669,,,none,True,,
13824,256,3,batched,dsf,torch,full,energy_autograd,autograd_reference,True,True,matrix,float32,benchmarks/interactions/electrostatics/benchmark_config_extended.yaml,ed69e339faff8aad6594297ecd90c7d6ca4378ad213748bedf726d8f14bfcd32,0.0001,9.0,precomputed,eager,torch,0.3505440056324005,88.5830078125,1.8956894055008888,,,none,True,,
27648,512,3,batched,dsf,torch,full,energy_autograd,autograd_reference,True,True,list,float32,benchmarks/interactions/electrostatics/benchmark_config_extended.yaml,ed69e339faff8aad6594297ecd90c7d6ca4378ad213748bedf726d8f14bfcd32,0.0001,9.0,precomputed,eager,torch,0.3344639986753464,96.587890625,1.9150180742144585,,,none,True,,
27648,512,3,batched,dsf,torch,full,energy_autograd,autograd_reference,True,True,matrix,float32,benchmarks/interactions/electrostatics/benchmark_config_extended.yaml,ed69e339faff8aad6594297ecd90c7d6ca4378ad213748bedf726d8f14bfcd32,0.0001,9.0,precomputed,eager,torch,0.35040000081062317,177.16552734375,1.8883654847741127,,,none,True,,
55296,1024,3,batched,dsf,torch,full,energy_autograd,autograd_reference,True,True,list,float32,benchmarks/interactions/electrostatics/benchmark_config_extended.yaml,ed69e339faff8aad6594297ecd90c7d6ca4378ad213748bedf726d8f14bfcd32,0.0001,9.0,precomputed,eager,torch,0.38331200182437897,193.17529296875,2.1672090515494347,,,none,True,,
55296,1024,3,batched,dsf,torch,full,energy_autograd,autograd_reference,True,True,matrix,float32,benchmarks/interactions/electrostatics/benchmark_config_extended.yaml,ed69e339faff8aad6594297ecd90c7d6ca4378ad213748bedf726d8f14bfcd32,0.0001,9.0,precomputed,eager,torch,0.4589120000600815,354.3310546875,2.4653077125549316,,,none,True,,
221184,4096,3,batched,dsf,torch,full,energy_autograd,autograd_reference,True,True,list,float32,benchmarks/interactions/electrostatics/benchmark_config_extended.yaml,ed69e339faff8aad6594297ecd90c7d6ca4378ad213748bedf726d8f14bfcd32,0.0001,9.0,precomputed,eager,torch,1.1416800022125244,772.69970703125,6.0433316975831985,,,none,True,,
221184,4096,3,batched,dsf,torch,full,energy_autograd,autograd_reference,True,True,matrix,float32,benchmarks/interactions/electrostatics/benchmark_config_extended.yaml,ed69e339faff8aad6594297ecd90c7d6ca4378ad213748bedf726d8f14bfcd32,0.0001,9.0,precomputed,eager,torch,1.4446240067481995,1417.32421875,7.322612218558788,,,none,True,,
442368,8192,3,batched,dsf,torch,full,energy_autograd,autograd_reference,True,True,list,float32,benchmarks/interactions/electrostatics/benchmark_config_extended.yaml,ed69e339faff8aad6594297ecd90c7d6ca4378ad213748bedf726d8f14bfcd32,0.0001,9.0,precomputed,eager,torch,1.92057603597641,1545.39892578125,9.933209978044033,,,none,True,,
442368,8192,3,batched,dsf,torch,full,energy_autograd,autograd_reference,True,True,matrix,float32,benchmarks/interactions/electrostatics/benchmark_config_extended.yaml,ed69e339faff8aad6594297ecd90c7d6ca4378ad213748bedf726d8f14bfcd32,0.0001,9.0,precomputed,eager,torch,2.4508800506591797,2834.6484375,12.43099756538868,,,none,True,,
128,1,4,batched,dsf,torch,full,energy_autograd,autograd_reference,True,True,list,float32,benchmarks/interactions/electrostatics/benchmark_config_extended.yaml,ed69e339faff8aad6594297ecd90c7d6ca4378ad213748bedf726d8f14bfcd32,0.0001,9.0,precomputed,eager,torch,0.2513760030269623,0.451171875,1.508386805653572,,,none,True,,
128,1,4,batched,dsf,torch,full,energy_autograd,autograd_reference,True,True,matrix,float32,benchmarks/interactions/electrostatics/benchmark_config_extended.yaml,ed69e339faff8aad6594297ecd90c7d6ca4378ad213748bedf726d8f14bfcd32,0.0001,9.0,precomputed,eager,torch,0.2778560072183609,0.82373046875,1.6203634440898895,,,none,True,,
512,4,4,batched,dsf,torch,full,energy_autograd,autograd_reference,True,True,list,float32,benchmarks/interactions/electrostatics/benchmark_config_extended.yaml,ed69e339faff8aad6594297ecd90c7d6ca4378ad213748bedf726d8f14bfcd32,0.0001,9.0,precomputed,eager,torch,0.26948799192905426,1.79150390625,1.489844173192978,,,none,True,,
512,4,4,batched,dsf,torch,full,energy_autograd,autograd_reference,True,True,matrix,float32,benchmarks/interactions/electrostatics/benchmark_config_extended.yaml,ed69e339faff8aad6594297ecd90c7d6ca4378ad213748bedf726d8f14bfcd32,0.0001,9.0,precomputed,eager,torch,0.3193119913339615,3.283203125,1.74753088504076,,,none,True,,
1024,8,4,batched,dsf,torch,full,energy_autograd,autograd_reference,True,True,list,float32,benchmarks/interactions/electrostatics/benchmark_config_extended.yaml,ed69e339faff8aad6594297ecd90c7d6ca4378ad213748bedf726d8f14bfcd32,0.0001,9.0,precomputed,eager,torch,0.2734079957008362,3.57861328125,1.532166264951229,,,none,True,,
1024,8,4,batched,dsf,torch,full,energy_autograd,autograd_reference,True,True,matrix,float32,benchmarks/interactions/electrostatics/benchmark_config_extended.yaml,ed69e339faff8aad6594297ecd90c7d6ca4378ad213748bedf726d8f14bfcd32,0.0001,9.0,precomputed,eager,torch,0.3195679932832718,6.5625,1.8357522785663605,,,none,True,,
2048,16,4,batched,dsf,torch,full,energy_autograd,autograd_reference,True,True,list,float32,benchmarks/interactions/electrostatics/benchmark_config_extended.yaml,ed69e339faff8aad6594297ecd90c7d6ca4378ad213748bedf726d8f14bfcd32,0.0001,9.0,precomputed,eager,torch,0.270112007856369,7.15478515625,1.516076736152172,,,none,True,,
2048,16,4,batched,dsf,torch,full,energy_autograd,autograd_reference,True,True,matrix,float32,benchmarks/interactions/electrostatics/benchmark_config_extended.yaml,ed69e339faff8aad6594297ecd90c7d6ca4378ad213748bedf726d8f14bfcd32,0.0001,9.0,precomputed,eager,torch,0.32308800518512726,13.123046875,1.7617205157876015,,,none,True,,
4096,32,4,batched,dsf,torch,full,energy_autograd,autograd_reference,True,True,list,float32,benchmarks/interactions/electrostatics/benchmark_config_extended.yaml,ed69e339faff8aad6594297ecd90c7d6ca4378ad213748bedf726d8f14bfcd32,0.0001,9.0,precomputed,eager,torch,0.27646400034427643,14.30517578125,1.5619946643710136,,,none,True,,
4096,32,4,batched,dsf,torch,full,energy_autograd,autograd_reference,True,True,matrix,float32,benchmarks/interactions/electrostatics/benchmark_config_extended.yaml,ed69e339faff8aad6594297ecd90c7d6ca4378ad213748bedf726d8f14bfcd32,0.0001,9.0,precomputed,eager,torch,0.3237279951572418,26.2421875,1.7688600346446037,,,none,True,,
8192,64,4,batched,dsf,torch,full,energy_autograd,autograd_reference,True,True,list,float32,benchmarks/interactions/electrostatics/benchmark_config_extended.yaml,ed69e339faff8aad6594297ecd90c7d6ca4378ad213748bedf726d8f14bfcd32,0.0001,9.0,precomputed,eager,torch,0.28094400465488434,28.60595703125,1.6202488914132118,,,none,True,,
8192,64,4,batched,dsf,torch,full,energy_autograd,autograd_reference,True,True,matrix,float32,benchmarks/interactions/electrostatics/benchmark_config_extended.yaml,ed69e339faff8aad6594297ecd90c7d6ca4378ad213748bedf726d8f14bfcd32,0.0001,9.0,precomputed,eager,torch,0.33452799916267395,52.48046875,1.8166936933994293,,,none,True,,
16384,128,4,batched,dsf,torch,full,energy_autograd,autograd_reference,True,True,list,float32,benchmarks/interactions/electrostatics/benchmark_config_extended.yaml,ed69e339faff8aad6594297ecd90c7d6ca4378ad213748bedf726d8f14bfcd32,0.0001,9.0,precomputed,eager,torch,0.33292800188064575,57.208984375,1.8295180052518845,,,none,True,,
16384,128,4,batched,dsf,torch,full,energy_autograd,autograd_reference,True,True,matrix,float32,benchmarks/interactions/electrostatics/benchmark_config_extended.yaml,ed69e339faff8aad6594297ecd90c7d6ca4378ad213748bedf726d8f14bfcd32,0.0001,9.0,precomputed,eager,torch,0.3505280017852783,104.95849609375,1.8891934305429459,,,none,True,,
32768,256,4,batched,dsf,torch,full,energy_autograd,autograd_reference,True,True,list,float32,benchmarks/interactions/electrostatics/benchmark_config_extended.yaml,ed69e339faff8aad6594297ecd90c7d6ca4378ad213748bedf726d8f14bfcd32,0.0001,9.0,precomputed,eager,torch,0.3365280032157898,114.41748046875,1.8954398110508919,,,none,True,,
32768,256,4,batched,dsf,torch,full,energy_autograd,autograd_reference,True,True,matrix,float32,benchmarks/interactions/electrostatics/benchmark_config_extended.yaml,ed69e339faff8aad6594297ecd90c7d6ca4378ad213748bedf726d8f14bfcd32,0.0001,9.0,precomputed,eager,torch,0.3582240045070648,209.9169921875,1.9253166392445564,,,none,True,,
65536,512,4,batched,dsf,torch,full,energy_autograd,autograd_reference,True,True,list,float32,benchmarks/interactions/electrostatics/benchmark_config_extended.yaml,ed69e339faff8aad6594297ecd90c7d6ca4378ad213748bedf726d8f14bfcd32,0.0001,9.0,precomputed,eager,torch,0.3877760022878647,228.833984375,2.175775356590748,,,none,True,,
65536,512,4,batched,dsf,torch,full,energy_autograd,autograd_reference,True,True,matrix,float32,benchmarks/interactions/electrostatics/benchmark_config_extended.yaml,ed69e339faff8aad6594297ecd90c7d6ca4378ad213748bedf726d8f14bfcd32,0.0001,9.0,precomputed,eager,torch,0.46883200109004974,419.83349609375,2.508132718503475,,,none,True,,
131072,1024,4,batched,dsf,torch,full,energy_autograd,autograd_reference,True,True,list,float32,benchmarks/interactions/electrostatics/benchmark_config_extended.yaml,ed69e339faff8aad6594297ecd90c7d6ca4378ad213748bedf726d8f14bfcd32,0.0001,9.0,precomputed,eager,torch,0.6518719792366028,457.66748046875,3.636222332715988,,,none,True,,
131072,1024,4,batched,dsf,torch,full,energy_autograd,autograd_reference,True,True,matrix,float32,benchmarks/interactions/electrostatics/benchmark_config_extended.yaml,ed69e339faff8aad6594297ecd90c7d6ca4378ad213748bedf726d8f14bfcd32,0.0001,9.0,precomputed,eager,torch,0.8030239939689636,839.6669921875,4.2127575725317,,,none,True,,
524288,4096,4,batched,dsf,torch,full,energy_autograd,autograd_reference,True,True,list,float32,benchmarks/interactions/electrostatics/benchmark_config_extended.yaml,ed69e339faff8aad6594297ecd90c7d6ca4378ad213748bedf726d8f14bfcd32,0.0001,9.0,precomputed,eager,torch,2.2491679191589355,1830.66845703125,11.666013859212399,,,none,True,,
524288,4096,4,batched,dsf,torch,full,energy_autograd,autograd_reference,True,True,matrix,float32,benchmarks/interactions/electrostatics/benchmark_config_extended.yaml,ed69e339faff8aad6594297ecd90c7d6ca4378ad213748bedf726d8f14bfcd32,0.0001,9.0,precomputed,eager,torch,2.838063955307007,3358.66796875,14.394971542060375,,,none,True,,
250,1,5,batched,dsf,torch,full,energy_autograd,autograd_reference,True,True,list,float32,benchmarks/interactions/electrostatics/benchmark_config_extended.yaml,ed69e339faff8aad6594297ecd90c7d6ca4378ad213748bedf726d8f14bfcd32,0.0001,9.0,precomputed,eager,torch,0.26900799572467804,0.87744140625,1.6046660020947456,,,none,True,,
250,1,5,batched,dsf,torch,full,energy_autograd,autograd_reference,True,True,matrix,float32,benchmarks/interactions/electrostatics/benchmark_config_extended.yaml,ed69e339faff8aad6594297ecd90c7d6ca4378ad213748bedf726d8f14bfcd32,0.0001,9.0,precomputed,eager,torch,0.31358399987220764,1.60595703125,1.823199912905693,,,none,True,,
1000,4,5,batched,dsf,torch,full,energy_autograd,autograd_reference,True,True,list,float32,benchmarks/interactions/electrostatics/benchmark_config_extended.yaml,ed69e339faff8aad6594297ecd90c7d6ca4378ad213748bedf726d8f14bfcd32,0.0001,9.0,precomputed,eager,torch,0.28038400411605835,3.49609375,1.5823114663362503,,,none,True,,
1000,4,5,batched,dsf,torch,full,energy_autograd,autograd_reference,True,True,matrix,float32,benchmarks/interactions/electrostatics/benchmark_config_extended.yaml,ed69e339faff8aad6594297ecd90c7d6ca4378ad213748bedf726d8f14bfcd32,0.0001,9.0,precomputed,eager,torch,0.3271840065717697,6.41015625,1.8746266141533852,,,none,True,,
2000,8,5,batched,dsf,torch,full,energy_autograd,autograd_reference,True,True,list,float32,benchmarks/interactions/electrostatics/benchmark_config_extended.yaml,ed69e339faff8aad6594297ecd90c7d6ca4378ad213748bedf726d8f14bfcd32,0.0001,9.0,precomputed,eager,torch,0.27959999442100525,6.98583984375,1.5592314302921295,,,none,True,,
2000,8,5,batched,dsf,torch,full,energy_autograd,autograd_reference,True,True,matrix,float32,benchmarks/interactions/electrostatics/benchmark_config_extended.yaml,ed69e339faff8aad6594297ecd90c7d6ca4378ad213748bedf726d8f14bfcd32,0.0001,9.0,precomputed,eager,torch,0.33289599418640137,12.814453125,1.8103495240211487,,,none,True,,
4000,16,5,batched,dsf,torch,full,energy_autograd,autograd_reference,True,True,list,float32,benchmarks/interactions/electrostatics/benchmark_config_extended.yaml,ed69e339faff8aad6594297ecd90c7d6ca4378ad213748bedf726d8f14bfcd32,0.0001,9.0,precomputed,eager,torch,0.28806400299072266,13.96923828125,1.651376485824585,,,none,True,,
4000,16,5,batched,dsf,torch,full,energy_autograd,autograd_reference,True,True,matrix,float32,benchmarks/interactions/electrostatics/benchmark_config_extended.yaml,ed69e339faff8aad6594297ecd90c7d6ca4378ad213748bedf726d8f14bfcd32,0.0001,9.0,precomputed,eager,torch,0.33640000224113464,25.626953125,1.8285438418388367,,,none,True,,
8000,32,5,batched,dsf,torch,full,energy_autograd,autograd_reference,True,True,list,float32,benchmarks/interactions/electrostatics/benchmark_config_extended.yaml,ed69e339faff8aad6594297ecd90c7d6ca4378ad213748bedf726d8f14bfcd32,0.0001,9.0,precomputed,eager,torch,0.2903839945793152,27.93310546875,1.6733361408114433,,,none,True,,
8000,32,5,batched,dsf,torch,full,energy_autograd,autograd_reference,True,True,matrix,float32,benchmarks/interactions/electrostatics/benchmark_config_extended.yaml,ed69e339faff8aad6594297ecd90c7d6ca4378ad213748bedf726d8f14bfcd32,0.0001,9.0,precomputed,eager,torch,0.3500000089406967,51.24853515625,1.8872236832976341,,,none,True,,
16000,64,5,batched,dsf,torch,full,energy_autograd,autograd_reference,True,True,list,float32,benchmarks/interactions/electrostatics/benchmark_config_extended.yaml,ed69e339faff8aad6594297ecd90c7d6ca4378ad213748bedf726d8f14bfcd32,0.0001,9.0,precomputed,eager,torch,0.35526400804519653,55.859375,1.97641272097826,,,none,True,,
16000,64,5,batched,dsf,torch,full,energy_autograd,autograd_reference,True,True,matrix,float32,benchmarks/interactions/electrostatics/benchmark_config_extended.yaml,ed69e339faff8aad6594297ecd90c7d6ca4378ad213748bedf726d8f14bfcd32,0.0001,9.0,precomputed,eager,torch,0.3678400069475174,102.48974609375,1.984839327633381,,,none,True,,
32000,128,5,batched,dsf,torch,full,energy_autograd,autograd_reference,True,True,list,float32,benchmarks/interactions/electrostatics/benchmark_config_extended.yaml,ed69e339faff8aad6594297ecd90c7d6ca4378ad213748bedf726d8f14bfcd32,0.0001,9.0,precomputed,eager,torch,0.3529440015554428,111.7158203125,2.000809647142887,,,none,True,,
32000,128,5,batched,dsf,torch,full,energy_autograd,autograd_reference,True,True,matrix,float32,benchmarks/interactions/electrostatics/benchmark_config_extended.yaml,ed69e339faff8aad6594297ecd90c7d6ca4378ad213748bedf726d8f14bfcd32,0.0001,9.0,precomputed,eager,torch,0.37988799810409546,204.97705078125,2.030434086918831,,,none,True,,
64000,256,5,batched,dsf,torch,full,energy_autograd,autograd_reference,True,True,list,float32,benchmarks/interactions/electrostatics/benchmark_config_extended.yaml,ed69e339faff8aad6594297ecd90c7d6ca4378ad213748bedf726d8f14bfcd32,0.0001,9.0,precomputed,eager,torch,0.41631999611854553,223.43115234375,2.345556393265724,,,none,True,,
64000,256,5,batched,dsf,torch,full,energy_autograd,autograd_reference,True,True,matrix,float32,benchmarks/interactions/electrostatics/benchmark_config_extended.yaml,ed69e339faff8aad6594297ecd90c7d6ca4378ad213748bedf726d8f14bfcd32,0.0001,9.0,precomputed,eager,torch,0.49345600605010986,409.9541015625,2.6182755827903748,,,none,True,,
128000,512,5,batched,dsf,torch,full,energy_autograd,autograd_reference,True,True,list,float32,benchmarks/interactions/electrostatics/benchmark_config_extended.yaml,ed69e339faff8aad6594297ecd90c7d6ca4378ad213748bedf726d8f14bfcd32,0.0001,9.0,precomputed,eager,torch,0.6807680130004883,446.861328125,3.727494738996029,,,none,True,,
128000,512,5,batched,dsf,torch,full,energy_autograd,autograd_reference,True,True,matrix,float32,benchmarks/interactions/electrostatics/benchmark_config_extended.yaml,ed69e339faff8aad6594297ecd90c7d6ca4378ad213748bedf726d8f14bfcd32,0.0001,9.0,precomputed,eager,torch,0.83815997838974,819.90771484375,4.346293397247791,,,none,True,,
256000,1024,5,batched,dsf,torch,full,energy_autograd,autograd_reference,True,True,list,float32,benchmarks/interactions/electrostatics/benchmark_config_extended.yaml,ed69e339faff8aad6594297ecd90c7d6ca4378ad213748bedf726d8f14bfcd32,0.0001,9.0,precomputed,eager,torch,1.229968011379242,893.72216796875,6.5422747284173965,,,none,True,,
256000,1024,5,batched,dsf,torch,full,energy_autograd,autograd_reference,True,True,matrix,float32,benchmarks/interactions/electrostatics/benchmark_config_extended.yaml,ed69e339faff8aad6594297ecd90c7d6ca4378ad213748bedf726d8f14bfcd32,0.0001,9.0,precomputed,eager,torch,1.530735969543457,1639.8154296875,7.8368717804551125,,,none,True,,
432,1,6,batched,dsf,torch,full,energy_autograd,autograd_reference,True,True,list,float32,benchmarks/interactions/electrostatics/benchmark_config_extended.yaml,ed69e339faff8aad6594297ecd90c7d6ca4378ad213748bedf726d8f14bfcd32,0.0001,9.0,precomputed,eager,torch,0.27478399872779846,1.5146484375,1.6070762649178505,,,none,True,,
432,1,6,batched,dsf,torch,full,energy_autograd,autograd_reference,True,True,matrix,float32,benchmarks/interactions/electrostatics/benchmark_config_extended.yaml,ed69e339faff8aad6594297ecd90c7d6ca4378ad213748bedf726d8f14bfcd32,0.0001,9.0,precomputed,eager,torch,0.3208639919757843,2.7734375,1.8509980291128159,,,none,True,,
1728,4,6,batched,dsf,torch,full,energy_autograd,autograd_reference,True,True,list,float32,benchmarks/interactions/electrostatics/benchmark_config_extended.yaml,ed69e339faff8aad6594297ecd90c7d6ca4378ad213748bedf726d8f14bfcd32,0.0001,9.0,precomputed,eager,torch,0.27660800516605377,6.037109375,1.5617776662111282,,,none,True,,
1728,4,6,batched,dsf,torch,full,energy_autograd,autograd_reference,True,True,matrix,float32,benchmarks/interactions/electrostatics/benchmark_config_extended.yaml,ed69e339faff8aad6594297ecd90c7d6ca4378ad213748bedf726d8f14bfcd32,0.0001,9.0,precomputed,eager,torch,0.3320319950580597,11.0732421875,1.800013706088066,,,none,True,,
3456,8,6,batched,dsf,torch,full,energy_autograd,autograd_reference,True,True,list,float32,benchmarks/interactions/electrostatics/benchmark_config_extended.yaml,ed69e339faff8aad6594297ecd90c7d6ca4378ad213748bedf726d8f14bfcd32,0.0001,9.0,precomputed,eager,torch,0.29259200394153595,12.0673828125,1.618419773876667,,,none,True,,
3456,8,6,batched,dsf,torch,full,energy_autograd,autograd_reference,True,True,matrix,float32,benchmarks/interactions/electrostatics/benchmark_config_extended.yaml,ed69e339faff8aad6594297ecd90c7d6ca4378ad213748bedf726d8f14bfcd32,0.0001,9.0,precomputed,eager,torch,0.3412320017814636,22.13916015625,1.9410019740462303,,,none,True,,
6912,16,6,batched,dsf,torch,full,energy_autograd,autograd_reference,True,True,list,float32,benchmarks/interactions/electrostatics/benchmark_config_extended.yaml,ed69e339faff8aad6594297ecd90c7d6ca4378ad213748bedf726d8f14bfcd32,0.0001,9.0,precomputed,eager,torch,0.2968960106372833,24.13232421875,1.696527935564518,,,none,True,,
6912,16,6,batched,dsf,torch,full,energy_autograd,autograd_reference,True,True,matrix,float32,benchmarks/interactions/electrostatics/benchmark_config_extended.yaml,ed69e339faff8aad6594297ecd90c7d6ca4378ad213748bedf726d8f14bfcd32,0.0001,9.0,precomputed,eager,torch,0.34511999785900116,44.2763671875,1.9785864278674126,,,none,True,,
13824,32,6,batched,dsf,torch,full,energy_autograd,autograd_reference,True,True,list,float32,benchmarks/interactions/electrostatics/benchmark_config_extended.yaml,ed69e339faff8aad6594297ecd90c7d6ca4378ad213748bedf726d8f14bfcd32,0.0001,9.0,precomputed,eager,torch,0.3423680067062378,48.26025390625,1.9148951396346092,,,none,True,,
13824,32,6,batched,dsf,torch,full,energy_autograd,autograd_reference,True,True,matrix,float32,benchmarks/interactions/electrostatics/benchmark_config_extended.yaml,ed69e339faff8aad6594297ecd90c7d6ca4378ad213748bedf726d8f14bfcd32,0.0001,9.0,precomputed,eager,torch,0.37891198694705963,88.548828125,2.0692162215709686,,,none,True,,
27648,64,6,batched,dsf,torch,full,energy_autograd,autograd_reference,True,True,list,float32,benchmarks/interactions/electrostatics/benchmark_config_extended.yaml,ed69e339faff8aad6594297ecd90c7d6ca4378ad213748bedf726d8f14bfcd32,0.0001,9.0,precomputed,eager,torch,0.37219201028347015,96.51611328125,2.0833900198340416,,,none,True,,
27648,64,6,batched,dsf,torch,full,energy_autograd,autograd_reference,True,True,matrix,float32,benchmarks/interactions/electrostatics/benchmark_config_extended.yaml,ed69e339faff8aad6594297ecd90c7d6ca4378ad213748bedf726d8f14bfcd32,0.0001,9.0,precomputed,eager,torch,0.3935679942369461,177.09375,2.100655809044838,,,none,True,,
55296,128,6,batched,dsf,torch,full,energy_autograd,autograd_reference,True,True,list,float32,benchmarks/interactions/electrostatics/benchmark_config_extended.yaml,ed69e339faff8aad6594297ecd90c7d6ca4378ad213748bedf726d8f14bfcd32,0.0001,9.0,precomputed,eager,torch,0.41392000019550323,193.029296875,2.335074357688427,,,none,True,,
55296,128,6,batched,dsf,torch,full,energy_autograd,autograd_reference,True,True,matrix,float32,benchmarks/interactions/electrostatics/benchmark_config_extended.yaml,ed69e339faff8aad6594297ecd90c7d6ca4378ad213748bedf726d8f14bfcd32,0.0001,9.0,precomputed,eager,torch,0.49108800292015076,354.18505859375,2.6399558410048485,,,none,True,,
110592,256,6,batched,dsf,torch,full,energy_autograd,autograd_reference,True,True,list,float32,benchmarks/interactions/electrostatics/benchmark_config_extended.yaml,ed69e339faff8aad6594297ecd90c7d6ca4378ad213748bedf726d8f14bfcd32,0.0001,9.0,precomputed,eager,torch,0.7030560076236725,386.05810546875,3.794511780142784,,,none,True,,
110592,256,6,batched,dsf,torch,full,energy_autograd,autograd_reference,True,True,matrix,float32,benchmarks/interactions/electrostatics/benchmark_config_extended.yaml,ed69e339faff8aad6594297ecd90c7d6ca4378ad213748bedf726d8f14bfcd32,0.0001,9.0,precomputed,eager,torch,0.8531360030174255,708.3701171875,4.421777091920376,,,none,True,,
221184,512,6,batched,dsf,torch,full,energy_autograd,autograd_reference,True,True,list,float32,benchmarks/interactions/electrostatics/benchmark_config_extended.yaml,ed69e339faff8aad6594297ecd90c7d6ca4378ad213748bedf726d8f14bfcd32,0.0001,9.0,precomputed,eager,torch,1.2432960271835327,772.115234375,6.622575223445892,,,none,True,,
221184,512,6,batched,dsf,torch,full,energy_autograd,autograd_reference,True,True,matrix,float32,benchmarks/interactions/electrostatics/benchmark_config_extended.yaml,ed69e339faff8aad6594297ecd90c7d6ca4378ad213748bedf726d8f14bfcd32,0.0001,9.0,precomputed,eager,torch,1.5501919984817505,1416.73974609375,7.979582063853741,,,none,True,,
1024,1,8,batched,dsf,torch,full,energy_autograd,autograd_reference,True,True,list,float32,benchmarks/interactions/electrostatics/benchmark_config_extended.yaml,ed69e339faff8aad6594297ecd90c7d6ca4378ad213748bedf726d8f14bfcd32,0.0001,9.0,precomputed,eager,torch,0.28084801137447357,3.57861328125,1.6347868368029594,,,none,True,,
1024,1,8,batched,dsf,torch,full,energy_autograd,autograd_reference,True,True,matrix,float32,benchmarks/interactions/electrostatics/benchmark_config_extended.yaml,ed69e339faff8aad6594297ecd90c7d6ca4378ad213748bedf726d8f14bfcd32,0.0001,9.0,precomputed,eager,torch,0.33128000795841217,6.5625,1.8854551017284393,,,none,True,,
4096,4,8,batched,dsf,torch,full,energy_autograd,autograd_reference,True,True,list,float32,benchmarks/interactions/electrostatics/benchmark_config_extended.yaml,ed69e339faff8aad6594297ecd90c7d6ca4378ad213748bedf726d8f14bfcd32,0.0001,9.0,precomputed,eager,torch,0.30616000294685364,14.30126953125,1.7199814319610596,,,none,True,,
4096,4,8,batched,dsf,torch,full,energy_autograd,autograd_reference,True,True,matrix,float32,benchmarks/interactions/electrostatics/benchmark_config_extended.yaml,ed69e339faff8aad6594297ecd90c7d6ca4378ad213748bedf726d8f14bfcd32,0.0001,9.0,precomputed,eager,torch,0.3569120019674301,26.23828125,2.009221352636814,,,none,True,,
8192,8,8,batched,dsf,torch,full,energy_autograd,autograd_reference,True,True,list,float32,benchmarks/interactions/electrostatics/benchmark_config_extended.yaml,ed69e339faff8aad6594297ecd90c7d6ca4378ad213748bedf726d8f14bfcd32,0.0001,9.0,precomputed,eager,torch,0.32684800028800964,28.59814453125,1.8466897308826447,,,none,True,,
8192,8,8,batched,dsf,torch,full,energy_autograd,autograd_reference,True,True,matrix,float32,benchmarks/interactions/electrostatics/benchmark_config_extended.yaml,ed69e339faff8aad6594297ecd90c7d6ca4378ad213748bedf726d8f14bfcd32,0.0001,9.0,precomputed,eager,torch,0.38467198610305786,52.47265625,2.062588930130005,,,none,True,,
16384,16,8,batched,dsf,torch,full,energy_autograd,autograd_reference,True,True,list,float32,benchmarks/interactions/electrostatics/benchmark_config_extended.yaml,ed69e339faff8aad6594297ecd90c7d6ca4378ad213748bedf726d8f14bfcd32,0.0001,9.0,precomputed,eager,torch,0.3816640079021454,57.19384765625,2.094215713441372,,,none,True,,
16384,16,8,batched,dsf,torch,full,energy_autograd,autograd_reference,True,True,matrix,float32,benchmarks/interactions/electrostatics/benchmark_config_extended.yaml,ed69e339faff8aad6594297ecd90c7d6ca4378ad213748bedf726d8f14bfcd32,0.0001,9.0,precomputed,eager,torch,0.40432000160217285,104.943359375,2.1461881697177887,,,none,True,,
32768,32,8,batched,dsf,torch,full,energy_autograd,autograd_reference,True,True,list,float32,benchmarks/interactions/electrostatics/benchmark_config_extended.yaml,ed69e339faff8aad6594297ecd90c7d6ca4378ad213748bedf726d8f14bfcd32,0.0001,9.0,precomputed,eager,torch,0.41700801253318787,114.38330078125,2.276218496263027,,,none,True,,
32768,32,8,batched,dsf,torch,full,energy_autograd,autograd_reference,True,True,matrix,float32,benchmarks/interactions/electrostatics/benchmark_config_extended.yaml,ed69e339faff8aad6594297ecd90c7d6ca4378ad213748bedf726d8f14bfcd32,0.0001,9.0,precomputed,eager,torch,0.4355359971523285,209.8828125,2.3276088759303093,,,none,True,,
65536,64,8,batched,dsf,torch,full,energy_autograd,autograd_reference,True,True,list,float32,benchmarks/interactions/electrostatics/benchmark_config_extended.yaml,ed69e339faff8aad6594297ecd90c7d6ca4378ad213748bedf726d8f14bfcd32,0.0001,9.0,precomputed,eager,torch,0.4981759935617447,228.76220703125,2.604258246719837,,,none,True,,
65536,64,8,batched,dsf,torch,full,energy_autograd,autograd_reference,True,True,matrix,float32,benchmarks/interactions/electrostatics/benchmark_config_extended.yaml,ed69e339faff8aad6594297ecd90c7d6ca4378ad213748bedf726d8f14bfcd32,0.0001,9.0,precomputed,eager,torch,0.5636000037193298,419.76171875,2.9906416311860085,,,none,True,,
131072,128,8,batched,dsf,torch,full,energy_autograd,autograd_reference,True,True,list,float32,benchmarks/interactions/electrostatics/benchmark_config_extended.yaml,ed69e339faff8aad6594297ecd90c7d6ca4378ad213748bedf726d8f14bfcd32,0.0001,9.0,precomputed,eager,torch,0.8120479881763458,457.521484375,4.319389350712299,,,none,True,,
131072,128,8,batched,dsf,torch,full,energy_autograd,autograd_reference,True,True,matrix,float32,benchmarks/interactions/electrostatics/benchmark_config_extended.yaml,ed69e339faff8aad6594297ecd90c7d6ca4378ad213748bedf726d8f14bfcd32,0.0001,9.0,precomputed,eager,torch,0.9592320024967194,839.52099609375,4.953628405928612,,,none,True,,
2000,1,10,batched,dsf,torch,full,energy_autograd,autograd_reference,True,True,list,float32,benchmarks/interactions/electrostatics/benchmark_config_extended.yaml,ed69e339faff8aad6594297ecd90c7d6ca4378ad213748bedf726d8f14bfcd32,0.0001,9.0,precomputed,eager,torch,0.29523199796676636,6.98583984375,1.719231717288494,,,none,True,,
2000,1,10,batched,dsf,torch,full,energy_autograd,autograd_reference,True,True,matrix,float32,benchmarks/interactions/electrostatics/benchmark_config_extended.yaml,ed69e339faff8aad6594297ecd90c7d6ca4378ad213748bedf726d8f14bfcd32,0.0001,9.0,precomputed,eager,torch,0.3455200046300888,12.814453125,1.8641455098986626,,,none,True,,
8000,4,10,batched,dsf,torch,full,energy_autograd,autograd_reference,True,True,list,float32,benchmarks/interactions/electrostatics/benchmark_config_extended.yaml,ed69e339faff8aad6594297ecd90c7d6ca4378ad213748bedf726d8f14bfcd32,0.0001,9.0,precomputed,eager,torch,0.3416000008583069,27.92919921875,1.978028565645218,,,none,True,,
8000,4,10,batched,dsf,torch,full,energy_autograd,autograd_reference,True,True,matrix,float32,benchmarks/interactions/electrostatics/benchmark_config_extended.yaml,ed69e339faff8aad6594297ecd90c7d6ca4378ad213748bedf726d8f14bfcd32,0.0001,9.0,precomputed,eager,torch,0.4039360135793686,51.24462890625,2.172168344259262,,,none,True,,
16000,8,10,batched,dsf,torch,full,energy_autograd,autograd_reference,True,True,list,float32,benchmarks/interactions/electrostatics/benchmark_config_extended.yaml,ed69e339faff8aad6594297ecd90c7d6ca4378ad213748bedf726d8f14bfcd32,0.0001,9.0,precomputed,eager,torch,0.43670400977134705,55.8515625,2.4139806628227234,,,none,True,,
16000,8,10,batched,dsf,torch,full,energy_autograd,autograd_reference,True,True,matrix,float32,benchmarks/interactions/electrostatics/benchmark_config_extended.yaml,ed69e339faff8aad6594297ecd90c7d6ca4378ad213748bedf726d8f14bfcd32,0.0001,9.0,precomputed,eager,torch,0.4559520035982132,102.48193359375,2.4279896169900894,,,none,True,,
32000,16,10,batched,dsf,torch,full,energy_autograd,autograd_reference,True,True,list,float32,benchmarks/interactions/electrostatics/benchmark_config_extended.yaml,ed69e339faff8aad6594297ecd90c7d6ca4378ad213748bedf726d8f14bfcd32,0.0001,9.0,precomputed,eager,torch,0.45452800393104553,111.70068359375,2.4765804409980774,,,none,True,,
32000,16,10,batched,dsf,torch,full,energy_autograd,autograd_reference,True,True,matrix,float32,benchmarks/interactions/electrostatics/benchmark_config_extended.yaml,ed69e339faff8aad6594297ecd90c7d6ca4378ad213748bedf726d8f14bfcd32,0.0001,9.0,precomputed,eager,torch,0.4699520021677017,204.9619140625,2.486705780029297,,,none,True,,
64000,32,10,batched,dsf,torch,full,energy_autograd,autograd_reference,True,True,list,float32,benchmarks/interactions/electrostatics/benchmark_config_extended.yaml,ed69e339faff8aad6594297ecd90c7d6ca4378ad213748bedf726d8f14bfcd32,0.0001,9.0,precomputed,eager,torch,0.5240000188350677,223.39697265625,2.8517991304397583,,,none,True,,
64000,32,10,batched,dsf,torch,full,energy_autograd,autograd_reference,True,True,matrix,float32,benchmarks/interactions/electrostatics/benchmark_config_extended.yaml,ed69e339faff8aad6594297ecd90c7d6ca4378ad213748bedf726d8f14bfcd32,0.0001,9.0,precomputed,eager,torch,0.6249119937419891,409.919921875,3.2143360003829002,,,none,True,,
128000,64,10,batched,dsf,torch,full,energy_autograd,autograd_reference,True,True,list,float32,benchmarks/interactions/electrostatics/benchmark_config_extended.yaml,ed69e339faff8aad6594297ecd90c7d6ca4378ad213748bedf726d8f14bfcd32,0.0001,9.0,precomputed,eager,torch,0.9338399767875671,446.78955078125,4.985347390174866,,,none,True,,
128000,64,10,batched,dsf,torch,full,energy_autograd,autograd_reference,True,True,matrix,float32,benchmarks/interactions/electrostatics/benchmark_config_extended.yaml,ed69e339faff8aad6594297ecd90c7d6ca4378ad213748bedf726d8f14bfcd32,0.0001,9.0,precomputed,eager,torch,1.0793119668960571,819.8359375,5.521474406123161,,,none,True,,
16000,1,20,batched,dsf,torch,full,energy_autograd,autograd_reference,True,True,list,float32,benchmarks/interactions/electrostatics/benchmark_config_extended.yaml,ed69e339faff8aad6594297ecd90c7d6ca4378ad213748bedf726d8f14bfcd32,0.0001,9.0,precomputed,eager,torch,0.54448002576828,55.8515625,2.9573310166597366,,,none,True,,
16000,1,20,batched,dsf,torch,full,energy_autograd,autograd_reference,True,True,matrix,float32,benchmarks/interactions/electrostatics/benchmark_config_extended.yaml,ed69e339faff8aad6594297ecd90c7d6ca4378ad213748bedf726d8f14bfcd32,0.0001,9.0,precomputed,eager,torch,0.5722719728946686,102.48193359375,2.9993318021297455,,,none,True,,
64000,4,20,batched,dsf,torch,full,energy_autograd,autograd_reference,True,True,list,float32,benchmarks/interactions/electrostatics/benchmark_config_extended.yaml,ed69e339faff8aad6594297ecd90c7d6ca4378ad213748bedf726d8f14bfcd32,0.0001,9.0,precomputed,eager,torch,0.9010400176048279,223.39306640625,4.65590413659811,,,none,True,,
64000,4,20,batched,dsf,torch,full,energy_autograd,autograd_reference,True,True,matrix,float32,benchmarks/interactions/electrostatics/benchmark_config_extended.yaml,ed69e339faff8aad6594297ecd90c7d6ca4378ad213748bedf726d8f14bfcd32,0.0001,9.0,precomputed,eager,torch,0.9829119741916656,409.916015625,4.9758730456233025,,,none,True,,
